,HUFL,HULL,MUFL,MULL,LUFL,LULL,OT
HUFL,1.0,0.0,0.82861173,0.0,0.0,0.0,0.10420681
HULL,0.0,1.0000001,0.0,0.9569759,0.76840216,0.86053336,0.0
MUFL,0.82861173,0.0,1.0,0.0,0.0,0.0,0.0
MULL,0.0,0.9569759,0.0,1.0000002,0.7606351,0.9147901,0.0
LUFL,0.0,0.76840216,0.0,0.7606351,0.99999994,0.87068594,0.0
LULL,0.0,0.86053336,0.0,0.9147901,0.87068594,1.0000001,0.0
OT,0.10420681,0.0,0.0,0.0,0.0,0.0,0.99999994
