,HUFL,HULL,MUFL,MULL,LUFL,LULL,OT
HUFL,1.0000001,0.0,0.7874928,0.0,0.0,0.0,0.2882561
HULL,0.0,0.9999999,0.0,0.980011,0.8105933,0.903122,0.0
MUFL,0.7874928,0.0,0.9999999,0.0,0.0,0.0,0.0
MULL,0.0,0.980011,0.0,1.0000002,0.81894386,0.9178695,0.0
LUFL,0.0,0.8105933,0.0,0.81894386,1.0000002,0.94432825,0.0
LULL,0.0,0.903122,0.0,0.9178695,0.94432825,1.0000004,0.0
OT,0.2882561,0.0,0.0,0.0,0.0,0.0,0.9999999
