,HUFL,HULL,MUFL,MULL,LUFL,LULL,OT
HUFL,1.0000001,-0.77313375,0.7874928,-0.7389189,-0.6187049,-0.6732752,0.2882561
HULL,-0.77313375,0.9999999,-0.3077805,0.980011,0.8105933,0.903122,-0.78248006
MUFL,0.7874928,-0.3077805,0.9999999,-0.22073144,-0.24060477,-0.16757587,-0.28299543
MULL,-0.7389189,0.980011,-0.22073144,1.0000002,0.81894386,0.9178695,-0.8285737
LUFL,-0.6187049,0.8105933,-0.24060477,0.81894386,1.0000002,0.94432825,-0.80860585
LULL,-0.6732752,0.903122,-0.16757587,0.9178695,0.94432825,1.0000004,-0.87719536
OT,0.2882561,-0.78248006,-0.28299543,-0.8285737,-0.80860585,-0.87719536,0.9999999
